{
  "inference_id": "7825c3c4-46dc-4501-a419-8b831a63acf8",
  "time": 0.07860247500002515,
  "image": { "width": 300, "height": 200 },
  "predictions": [
    {
      "x": 158.0,
      "y": 84.0,
      "width": 262.0,
      "height": 150.0,
      "confidence": 0.7896538972854614,
      "class": "Paper",
      "class_id": 0,
      "detection_id": "671b69c0-3140-4d5f-8477-29a74b0faae8"
    }
  ]
}
